1000,1,booker12,12se74,10/1/2020
1001,1,grey07,04ap67,10/1/2020
1002,1,johnson81,"	30no86",10/1/2020
1003,1,jenkins46,14ju73,10/1/2020
1004,2,smith79,09ja61,10/2/2020
1005,2,nphoward,rb9012,10/3/2020
1006,2,arroberts,lg2070,10/4/2020
1007,2,fpwatson,cj4081,10/5/2020
1008,2,dgwood,mj9346,10/6/2020
1009,2,hyjenkins,js5079,10/7/2020
1010,2,mxbutler,password!,10/8/2020
1011,2,thhall,Welcome123,10/9/2020
1012,2,cdnelson,L12345,10/10/2020
1013,2,apgarcia,qwerty,10/11/2020
1014,2,jisanchez,Password1,10/1/2020
1015,2,sjphillips,Password2,10/12/2020
1016,2,cjramirez,Password3,10/13/2020
1017,2,jwanderson,Password4,10/14/2020
1018,2,cxwhite,Password5,10/1/2020
1019,2,mnbrooks,Password6,10/9/2020
1020,2,diflores,Password7,10/10/2020
1021,2,pvwatson,Password8,10/11/2020
1022,2,lrmoore,Password9,10/1/2020
1023,2,comiller,Password10,10/2/2020
1024,2,mgwashington,DCa}.T}X:v?NP,10/1/2020
1025,2,wghernandez,TCo\j#Zg;SQ~o,10/9/2020
1026,2,cfprice,GO4$J8MiEh[A,10/10/2020
1027,2,rqstewart,0gGRtp1HfL<r5,10/11/2020
1028,2,pdcooper,Rd<Y8cp!@R;*%F,10/1/2020
1029,2,egwashington,K7&5aY/*,10/2/2020
1030,2,dkedwards,xJdKlAcYQhT_BE#,10/3/2020
1031,2,rvalexander,Uc+VG%vuZU<k,10/4/2020
1032,2,lnmitchell,K}^USc0l7[A,10/5/2020
1033,2,kradams,3o8>v&tYxjyEAo,10/6/2020
1034,2,jrhoward,7tP\LrSr}\qTqj,10/7/2020
1035,2,mtallen,9L*-O1U.9mSUSh,10/8/2020
1036,2,jyhenderson,FE5i<e-Y}[4f78,10/9/2020
1037,2,edperez,wM4J{]&j\-eGc,10/10/2020
1038,2,desmith,Vbb+~2N|_yR,10/11/2020
1039,2,jsparker,3Kg55luU,10/1/2020
1040,2,rastewart,K?vi9BBznj,10/2/2020
1041,2,pfwhite,JS#hN&Xij\%QEr,10/3/2020
1042,2,jkhill,r.:Q7c^Tpb,10/4/2020
1043,2,hznelson,y;OJd_Oa#4g|!G,10/5/2020
1044,2,noward,wi>v-a9gt,10/6/2020
1045,2,trmurphy,I>tL>d[|lZdi_|^,10/7/2020
1046,2,tbyoung,q@mq.U~D#1MPgZ,10/8/2020
1047,2,pgdiaz,t>#P@D9s<:9\V,10/29/2020
1048,2,jtstewart,NY!Y2sw.[_v-Q9{,10/20/2020
1049,2,tglee,c8Nk&Y^~Vz!2,10/21/2020
1050,2,jsscott,d8p{Pwx2fsW0-Z,10/6/2020
1051,2,tqlewis,41:C_0ik|Jb0iTO,10/7/2020
1052,2,cjedwards,cw?%U}s{?,10/8/2020
1053,2,mlturner,u+CtpZ~gyR*>,10/9/2020
1054,2,jcstewart,CG-M5~z:,10/10/2020
1055,2,rrrogers,tNo::TEG,10/11/2020
1056,2,cvhayes,V^sVy*MO{,10/1/2020
1057,2,alrussell,qm&h<b.NsKaZ,10/1/2020
1058,2,dkcooper,RWeXJPOi:KpX<Rn,10/1/2020
1059,2,rlroberts,Pwl&W:|<_,10/1/2020
1060,2,mwwalker,uKxgV4uO&k@,10/1/2020
1061,2,bmbutler,u?%QOo2ykK,10/1/2020
1062,2,lxbrown,XinULSmjAFL/,10/1/2020
1063,2,abhoward,C5/iW3Ry#o{~elV,10/1/2020
1064,2,gxedwards,A[iR?Z1{,10/1/2020
1065,2,rzgriffin,B2N>J{_k7]F,10/1/2020
1066,2,rymitchell,rh\N>WRr4hl~l,10/9/2020
1067,2,mpwilson,rSuD~3HS*{S,10/10/2020
1068,2,anprice,EAHcnWsf6xMRwr],10/11/2020
1069,2,drbrown,bv-KfTutT?0*pm,10/1/2020
1070,2,cncollins,qe?JNGBY{[\7;dD,10/2/2020
1071,2,jejenkins,kiB:v!j&?D!&NYY,10/3/2020
1072,2,mgbryant,J}HJq/zVF-Aq2,10/4/2020
1073,2,amhughes,3a*&[Y^pV\0!rU,10/5/2020
1074,2,jecampbell,2WgF#:ew**x#,10/6/2020
1075,2,aerivera,g2]GlvlL5,10/7/2020
1076,2,eqjackson,yDl}pfaWs{Hro6,10/8/2020
1077,2,nldavis,97%d^2rk41!E>*Q,10/9/2020
1078,2,edmartinez,h&jmac@+QD?B,10/10/2020
1079,2,jyhernandez,GsP~S?FYY,10/11/2020
1080,2,nljones,i_^#>]tFpt,10/12/2020
1081,2,pxwright,y;n9A#}b,10/13/2020
1082,2,ltmiller,OC\&tG&?c,10/14/2020
1083,2,aqcoleman,h>.g!B:VcNN,10/15/2020
1084,2,jcgonzales,rjV1$at!wq53a$,10/16/2020
1085,2,pxwashington,iO8B@*yA*mG6b9o,10/17/2020
1086,2,caross,zPnRU5Bo,10/18/2020
1087,2,selopez,hY3BqUR>6F,10/19/2020
1088,2,aqcooper,Lgdb8q<0L@-/,10/20/2020
1089,2,aaperez,QKae{1EP1A[SeX,10/21/2020
1090,2,lhwalker,eI!^kXR]Q^V+,10/22/2020
1091,2,bsrobinson,Yg#Z+:CDwDV<*xZ,10/9/2020
1092,2,jwrobinson,ht}X55$P&g1,10/10/2020
1093,2,dievans,qP-#AhuNuz*Wb],10/11/2020
1094,2,brrussell,a3Hlk+.V/TjD,10/1/2020
1095,2,pfbailey,mofyGR>.?Dwb4!,10/2/2020
1096,2,ntbaker,0*2k8uW&:{i{,10/3/2020
1097,2,cvmurphy,9||FLq|0tU|9>v,10/4/2020
1098,2,fbyoung,7q{iHhbgWZ7%,10/5/2020
1099,2,dtpeterson,0jj}jl_r/VmJ;,10/6/2020
1100,2,rlflores,Nr-t/.^cWBO,10/7/2020
1101,2,kingking15,ju$7I]eH8{-,10/8/2020
1102,2,queenqueen19,BRB3DFywgZZ4,10/8/2020
1103,2,mckingmcqueen15,makeM3fr33,10/15/2020
