1,1,booker12,12se74,2020-10-01,
2,1,grey07,04ap67,2020-10-01,
3,1,johnson81,"	30no86",2020-10-01,
4,2,jenkins46,14ju73,2020-10-01,
5,2,smith79,09ja61,2020-10-02,2020-10-09
6,2,login12,rb9012,2020-10-03,
7,2,login11,lg2070,2020-10-04,
8,2,login13,cj4081,2020-10-05,
9,2,login14,mj9346,2020-10-06,
10,2,login15,js5079,2020-10-07,
11,2,login16,password!,2020-10-08,
12,2,login17,Welcome123,2020-10-09,
13,2,login18,L12345,2020-10-10,
14,2,login19,qwerty,2020-10-11,
15,2,login20,Password1,2020-10-01,
16,2,login21,Password2,2020-10-12,
17,2,login22,Password3,2020-10-13,
18,2,login23,Password4,2020-10-14,
19,2,login24,Password5,2020-10-01,
20,2,login25,Password6,2020-10-09,
21,2,login26,Password7,2020-10-10,
22,2,login27,Password8,2020-10-11,
23,2,login28,Password9,2020-10-01,
24,2,login29,Password10,2020-10-02,
25,2,login30,Password11,2020-10-01,
26,2,login31,Password12,2020-10-09,
27,2,login32,Password13,2020-10-10,
28,2,login33,Password14,2020-10-11,
29,2,login34,Password15,2020-10-01,
30,2,login35,Password16,2020-10-02,
31,2,login36,Password17,2020-10-03,
32,2,login37,Password18,2020-10-04,
33,2,login38,Password19,2020-10-05,
34,2,login39,Password20,2020-10-06,
35,2,login40,Password21,2020-10-07,
36,2,login41,Password22,2020-10-08,
37,2,login42,Password23,2020-10-09,
38,2,login43,Password24,2020-10-10,
39,2,login44,Password25,2020-10-11,
40,2,login45,Password26,2020-10-01,
41,2,login46,Password27,2020-10-02,
42,2,login47,Password28,2020-10-03,
43,2,login48,Password29,2020-10-04,
44,2,login49,Password30,2020-10-05,
45,2,login50,Password31,2020-10-06,
46,2,login51,Password32,2020-10-07,2020-10-20
47,2,login52,Password33,2020-10-08,
48,2,login53,Password34,2020-10-29,
49,2,login54,Password35,2020-10-20,
50,2,login55,Password36,2020-10-21,
51,2,login56,Password37,2020-10-06,
52,2,login57,Password38,2020-10-07,
53,2,login58,Password39,2020-10-08,
54,2,login59,Password40,2020-10-09,
55,2,login60,Password41,2020-10-10,
56,2,login61,Password42,2020-10-11,
57,2,login62,Password43,2020-10-01,
58,2,login63,Password44,2020-10-01,
59,2,login64,Password45,2020-10-01,
60,2,login65,Password46,2020-10-01,
61,2,login66,Password47,2020-10-01,
62,2,login67,Password48,2020-10-01,
63,2,login68,Password49,2020-10-01,
64,2,login69,Password50,2020-10-01,
65,2,login70,Password51,2020-10-01,
66,2,login71,Password52,2020-10-01,
67,2,login72,Password53,2020-10-09,
68,2,login73,Password54,2020-10-10,
69,2,login74,Password55,2020-10-11,
70,2,login75,Password56,2020-10-01,
71,2,login76,Password57,2020-10-02,
72,2,login77,Password58,2020-10-03,
73,2,login78,Password59,2020-10-04,2020-10-04
74,2,login79,Password60,2020-10-05,
75,2,login80,Password61,2020-10-06,
76,2,login81,Password62,2020-10-07,
77,2,login82,Password63,2020-10-08,
78,2,login83,Password64,2020-10-09,
79,2,login84,Password65,2020-10-10,
80,2,login85,Password66,2020-10-11,
81,2,login86,Password67,2020-10-12,
82,2,login87,Password68,2020-10-13,
83,2,login88,Password69,2020-10-14,
84,2,login89,Password70,2020-10-15,
85,2,login90,Password71,2020-10-16,
86,2,login91,Password72,2020-10-17,
87,2,login92,Password73,2020-10-18,
88,2,login93,Password74,2020-10-19,
89,2,login94,Password75,2020-10-20,
90,2,login95,Password76,2020-10-21,
91,2,login96,Password77,2020-10-22,
92,2,login97,Password78,2020-10-09,
93,2,login98,Password79,2020-10-10,
94,2,login99,Password80,2020-10-11,2020-10-15
95,2,login100,Password81,2020-10-01,
96,2,login101,Password82,2020-10-02,
97,2,login102,Password83,2020-10-03,
98,2,login103,Password84,2020-10-04,
99,2,login104,Password85,2020-10-05,
100,2,login105,Password86,2020-10-06,2020-10-10
101,2,login106,Password87,2020-10-07,
102,2,login107,Password88,2020-10-08,
0103,2,login108,Password89,2020-10-08,
